amc_name,scenario,revenue_yield,current_revenue_cr,revenue_y1_cr,revenue_y2_cr,revenue_y3_cr
360 ONE,Base Case,0.0075,97.9000,109.6480,122.8057,137.5424
360 ONE,Bear Case,0.0075,97.9000,103.7740,110.0004,116.6005
360 ONE,Bull Case,0.0075,97.9000,115.5220,136.3159,160.8528
Abakkus,Base Case,0.0075,41.8500,46.8720,52.4966,58.7962
Abakkus,Bear Case,0.0075,41.8500,44.3610,47.0227,49.8440
Abakkus,Bull Case,0.0075,41.8500,49.3830,58.2719,68.7609
Aditya Birla Sun Life,Base Case,0.0075,3207.5600,3592.4672,4023.5632,4506.3908
Aditya Birla Sun Life,Bear Case,0.0075,3207.5600,3400.0136,3604.0144,3820.2553
Aditya Birla Sun Life,Bull Case,0.0075,3207.5600,3784.9208,4466.2065,5270.1237
Angel One,Base Case,0.0075,4.2400,4.7488,5.3186,5.9568
Angel One,Bear Case,0.0075,4.2400,4.4944,4.7640,5.0499
Angel One,Bull Case,0.0075,4.2400,5.0032,5.9037,6.9664
Axis,Base Case,0.0075,2767.7300,3099.8576,3471.8405,3888.4614
Axis,Bear Case,0.0075,2767.7300,2933.7938,3109.8214,3296.4107
Axis,Bull Case,0.0075,2767.7300,3265.9214,3853.7872,4547.4689
Bajaj Finserv,Base Case,0.0075,247.7000,277.4240,310.7149,348.0006
Bajaj Finserv,Bear Case,0.0075,247.7000,262.5620,278.3157,295.0146
Bajaj Finserv,Bull Case,0.0075,247.7000,292.2860,344.8975,406.9790
Bandhan,Base Case,0.0075,1530.3500,1713.9920,1919.6710,2150.0316
Bandhan,Bear Case,0.0075,1530.3500,1622.1710,1719.5013,1822.6713
Bandhan,Bull Case,0.0075,1530.3500,1805.8130,2130.8593,2514.4140
Bank of India,Base Case,0.0075,115.8400,129.7408,145.3097,162.7469
Bank of India,Bear Case,0.0075,115.8400,122.7904,130.1579,137.9673
Bank of India,Bull Case,0.0075,115.8400,136.6912,161.2957,190.3289
Baroda BNP Paribas,Base Case,0.0075,398.6100,446.4432,500.0164,560.0183
Baroda BNP Paribas,Bear Case,0.0075,398.6100,422.5266,447.8782,474.7509
Baroda BNP Paribas,Bull Case,0.0075,398.6100,470.3598,555.0246,654.9290
Canara Robeco,Base Case,0.0075,890.4600,997.3152,1116.9930,1251.0322
Canara Robeco,Bear Case,0.0075,890.4600,943.8876,1000.5208,1060.5521
Canara Robeco,Bull Case,0.0075,890.4600,1050.7428,1239.8765,1463.0542
Capitalmind,Base Case,0.0075,4.2700,4.7824,5.3563,5.9990
Capitalmind,Bear Case,0.0075,4.2700,4.5262,4.7978,5.0856
Capitalmind,Bull Case,0.0075,4.2700,5.0386,5.9455,7.0157
Choice,Base Case,0.0075,0.6200,0.6944,0.7777,0.8710
Choice,Bear Case,0.0075,0.6200,0.6572,0.6966,0.7384
Choice,Bull Case,0.0075,0.6200,0.7316,0.8633,1.0186
DSP,Base Case,0.0075,1723.5100,1930.3312,2161.9709,2421.4074
DSP,Bear Case,0.0075,1723.5100,1826.9206,1936.5358,2052.7280
DSP,Bull Case,0.0075,1723.5100,2033.7418,2399.8153,2831.7821
Edelweiss,Base Case,0.0075,1282.1300,1435.9856,1608.3039,1801.3004
Edelweiss,Bear Case,0.0075,1282.1300,1359.0578,1440.6013,1527.0374
Edelweiss,Bull Case,0.0075,1282.1300,1512.9134,1785.2378,2106.5807
Franklin Templeton,Base Case,0.0075,945.1300,1058.5456,1185.5710,1327.8396
Franklin Templeton,Bear Case,0.0075,945.1300,1001.8378,1061.9480,1125.6649
Franklin Templeton,Bull Case,0.0075,945.1300,1115.2534,1315.9990,1552.8788
Groww,Base Case,0.0075,38.3000,42.8960,48.0435,53.8088
Groww,Bear Case,0.0075,38.3000,40.5980,43.0339,45.6159
Groww,Bull Case,0.0075,38.3000,45.1940,53.3289,62.9282
HDFC,Base Case,0.0075,7013.2500,7854.8400,8797.4208,9853.1113
HDFC,Bear Case,0.0075,7013.2500,7434.0450,7880.0877,8352.8930
HDFC,Bull Case,0.0075,7013.2500,8275.6350,9765.2493,11522.9942
HSBC,Base Case,0.0075,1072.5500,1201.2560,1345.4067,1506.8555
HSBC,Bear Case,0.0075,1072.5500,1136.9030,1205.1172,1277.4242
HSBC,Bull Case,0.0075,1072.5500,1265.6090,1493.4186,1762.2340
Helios,Base Case,0.0075,83.2700,93.2624,104.4539,116.9883
Helios,Bear Case,0.0075,83.2700,88.2662,93.5622,99.1759
Helios,Bull Case,0.0075,83.2700,98.2586,115.9451,136.8153
ICICI Prudential,Base Case,0.0075,8359.0800,9362.1696,10485.6300,11743.9056
ICICI Prudential,Bear Case,0.0075,8359.0800,8860.6248,9392.2623,9955.7980
ICICI Prudential,Bull Case,0.0075,8359.0800,9863.7144,11639.1830,13734.2359
IL&FS,Base Case,0.0075,6.9900,7.8288,8.7682,9.8204
IL&FS,Bear Case,0.0075,6.9900,7.4094,7.8539,8.3252
IL&FS,Bull Case,0.0075,6.9900,8.2482,9.7328,11.4847
ITI,Base Case,0.0075,84.7700,94.9424,106.3355,119.0958
ITI,Bear Case,0.0075,84.7700,89.8562,95.2476,100.9624
ITI,Bull Case,0.0075,84.7700,100.0286,118.0338,139.2798
Invesco,Base Case,0.0075,1095.0700,1226.4784,1373.6558,1538.4945
Invesco,Bear Case,0.0075,1095.0700,1160.7742,1230.4207,1304.2459
Invesco,Bull Case,0.0075,1095.0700,1292.1826,1524.7755,1799.2351
JM Financial,Base Case,0.0075,99.0300,110.9136,124.2232,139.1300
JM Financial,Bear Case,0.0075,99.0300,104.9718,111.2701,117.9463
JM Financial,Bull Case,0.0075,99.0300,116.8554,137.8894,162.7094
Jio BlackRock,Base Case,0.0075,134.8400,151.0208,169.1433,189.4405
Jio BlackRock,Bear Case,0.0075,134.8400,142.9304,151.5062,160.5966
Jio BlackRock,Bull Case,0.0075,134.8400,159.1112,187.7512,221.5465
Kotak Mahindra,Base Case,0.0075,4428.4500,4959.8640,5555.0476,6221.6534
Kotak Mahindra,Bear Case,0.0075,4428.4500,4694.1570,4975.8064,5274.3548
Kotak Mahindra,Bull Case,0.0075,4428.4500,5225.5710,6166.1737,7276.0850
LIC,Base Case,0.0075,371.5100,416.0912,466.0222,521.9448
LIC,Bear Case,0.0075,371.5100,393.8006,417.4286,442.4744
LIC,Bull Case,0.0075,371.5100,438.3818,517.2905,610.4028
Mahindra Manulife,Base Case,0.0075,260.9000,292.2080,327.2730,366.5457
Mahindra Manulife,Bear Case,0.0075,260.9000,276.5540,293.1472,310.7361
Mahindra Manulife,Bull Case,0.0075,260.9000,307.8620,363.2772,428.6671
Mirae Asset,Base Case,0.0075,1687.1400,1889.5968,2116.3484,2370.3102
Mirae Asset,Bear Case,0.0075,1687.1400,1788.3684,1895.6705,2009.4107
Mirae Asset,Bull Case,0.0075,1687.1400,1990.8252,2349.1737,2772.0250
Motilal Oswal,Base Case,0.0075,1068.9700,1197.2464,1340.9160,1501.8259
Motilal Oswal,Bear Case,0.0075,1068.9700,1133.1082,1201.0947,1273.1604
Motilal Oswal,Bull Case,0.0075,1068.9700,1261.3846,1488.4339,1756.3520
NJ,Base Case,0.0075,51.9200,58.1504,65.1285,72.9439
NJ,Bear Case,0.0075,51.9200,55.0352,58.3373,61.8376
NJ,Bull Case,0.0075,51.9200,61.2656,72.2934,85.3063
Navi,Base Case,0.0075,70.9000,79.4080,88.9369,99.6093
Navi,Bear Case,0.0075,70.9000,75.1540,79.6632,84.4430
Navi,Bull Case,0.0075,70.9000,83.6620,98.7211,116.4909
Nippon India,Base Case,0.0075,5636.3900,6312.7568,7070.2876,7918.7222
Nippon India,Bear Case,0.0075,5636.3900,5974.5734,6333.0478,6713.0307
Nippon India,Bull Case,0.0075,5636.3900,6650.9402,7848.1095,9260.7692
Old Bridge,Base Case,0.0075,25.6400,28.7168,32.1628,36.0223
Old Bridge,Bear Case,0.0075,25.6400,27.1784,28.8091,30.5376
Old Bridge,Bull Case,0.0075,25.6400,30.2552,35.7011,42.1273
PGIM India,Base Case,0.0075,199.8000,223.7760,250.6291,280.7046
PGIM India,Bear Case,0.0075,199.8000,211.7880,224.4953,237.9650
PGIM India,Bull Case,0.0075,199.8000,235.7640,278.2015,328.2778
PPFAS,Base Case,0.0075,1206.0500,1350.7760,1512.8691,1694.4134
PPFAS,Bear Case,0.0075,1206.0500,1278.4130,1355.1178,1436.4249
PPFAS,Bull Case,0.0075,1206.0500,1423.1390,1679.3040,1981.5788
Quantum,Base Case,0.0075,23.8900,26.7568,29.9676,33.5637
Quantum,Bear Case,0.0075,23.8900,25.3234,26.8428,28.4534
Quantum,Bull Case,0.0075,23.8900,28.1902,33.2644,39.2520
SBI,Base Case,0.0075,9430.1400,10561.7568,11829.1676,13248.6677
SBI,Bear Case,0.0075,9430.1400,9995.9484,10595.7053,11231.4476
SBI,Bull Case,0.0075,9430.1400,11127.5652,13130.5269,15494.0218
Samco,Base Case,0.0075,18.9200,21.1904,23.7332,26.5812
Samco,Bear Case,0.0075,18.9200,20.0552,21.2585,22.5340
Samco,Bull Case,0.0075,18.9200,22.3256,26.3442,31.0861
Shriram,Base Case,0.0075,8.7100,9.7552,10.9258,12.2369
Shriram,Bear Case,0.0075,8.7100,9.2326,9.7866,10.3737
Shriram,Bull Case,0.0075,8.7100,10.2778,12.1278,14.3108
Sundaram,Base Case,0.0075,576.9700,646.2064,723.7511,810.6013
Sundaram,Bear Case,0.0075,576.9700,611.5882,648.2835,687.1805
Sundaram,Bull Case,0.0075,576.9700,680.8246,803.3730,947.9801
Tata,Base Case,0.0075,1714.0400,1919.7248,2150.0918,2408.1028
Tata,Bear Case,0.0075,1714.0400,1816.8824,1925.8954,2041.4491
Tata,Bull Case,0.0075,1714.0400,2022.5672,2386.6293,2816.2226
Taurus,Base Case,0.0075,7.5700,8.4784,9.4958,10.6353
Taurus,Bear Case,0.0075,7.5700,8.0242,8.5056,9.0160
Taurus,Bull Case,0.0075,7.5700,8.9326,10.5404,12.4377
The Wealth Company,Base Case,0.0075,9.7300,10.8976,12.2053,13.6700
The Wealth Company,Bear Case,0.0075,9.7300,10.3138,10.9326,11.5886
The Wealth Company,Bull Case,0.0075,9.7300,11.4814,13.5481,15.9867
Trust,Base Case,0.0075,38.0600,42.6272,47.7424,53.4715
Trust,Bear Case,0.0075,38.0600,40.3436,42.7642,45.3301
Trust,Bull Case,0.0075,38.0600,44.9108,52.9947,62.5338
UTI,Base Case,0.0075,2945.1800,3298.6016,3694.4338,4137.7658
UTI,Bear Case,0.0075,2945.1800,3121.8908,3309.2042,3507.7565
UTI,Bull Case,0.0075,2945.1800,3475.3124,4100.8686,4839.0249
Unifi,Base Case,0.0075,11.2300,12.5776,14.0869,15.7774
Unifi,Bear Case,0.0075,11.2300,11.9038,12.6180,13.3751
Unifi,Bull Case,0.0075,11.2300,13.2514,15.6367,18.4513
Union,Base Case,0.0075,210.7300,236.0176,264.3397,296.0605
Union,Bear Case,0.0075,210.7300,223.3738,236.7762,250.9828
Union,Bull Case,0.0075,210.7300,248.6614,293.4204,346.2361
WhiteOak Capital,Base Case,0.0075,280.4400,314.0928,351.7839,393.9980
WhiteOak Capital,Bear Case,0.0075,280.4400,297.2664,315.1023,334.0085
WhiteOak Capital,Bull Case,0.0075,280.4400,330.9192,390.4846,460.7718
Zerodha,Base Case,0.0075,115.3000,129.1360,144.6323,161.9882
Zerodha,Bear Case,0.0075,115.3000,122.2180,129.5511,137.3241
Zerodha,Bull Case,0.0075,115.3000,136.0540,160.5437,189.4416
quant,Base Case,0.0075,714.8600,800.6432,896.7204,1004.3269
quant,Bear Case,0.0075,714.8600,757.7516,803.2167,851.4097
quant,Bull Case,0.0075,714.8600,843.5348,995.3711,1174.5379
